style_code,description
STY0001,"Whether you're hitting the studio or the streets, ZenRush is your winter essential for weightlifting. The recycled polyester fabric adapts to your flow, keeping you fresh and fierce."
STY0002,"LiftDrive is the ultimate companion for pilates lovers in the winter. Made from moisture-wicking nylon, it’s designed to support your moves and elevate your style with every rep."
STY0003,"Designed for dance enthusiasts, VibeMode is made of bamboo fiber to keep you moving in style through the spring. Its sleek fit and vibrant energy make it a must-have for your active wardrobe."
STY0004,"Designed for running enthusiasts, WaveRise is made of spandex blend to keep you moving in style through the fall. Its sleek fit and vibrant energy make it a must-have for your active wardrobe."
STY0005,"From sunrise yoga to sunset sprints, WaveFuel is made for weightlifting in the winter. Crafted from recycled polyester, it’s a fusion of function and flair that keeps up with your pace."
STY0006,"SparkBeat brings the heat to your HIIT sessions with its bamboo fiber construction, perfect for winter wear. It's not just activewear—it's a statement of your sporty, cool lifestyle."
STY0007,"ZenMode is your go-to gear for running in the fall. Made from recycled polyester, it offers unmatched comfort and style. Whether you're pushing limits or chilling post-workout, this piece keeps you cool and confident."
STY0008,"ZenRush is the ultimate companion for dance lovers in the fall. Made from moisture-wicking nylon, it’s designed to support your moves and elevate your style with every rep."
STY0009,"DashFlow is your go-to gear for HIIT in the summer. Made from organic cotton, it offers unmatched comfort and style. Whether you're pushing limits or chilling post-workout, this piece keeps you cool and confident."
STY0010,"DashBeat brings the heat to your tennis sessions with its bamboo fiber construction, perfect for winter wear. It's not just activewear—it's a statement of your sporty, cool lifestyle."
STY0011,"Make a bold move with LiftRise, engineered for yoga and perfect for summer. Its spandex blend design delivers comfort, durability, and a youthful edge that powers your performance."
STY0012,"Whether you're hitting the studio or the streets, GlowFuel is your all seasons essential for tennis. The moisture-wicking nylon fabric adapts to your flow, keeping you fresh and fierce."
STY0013,"CoreBeat is the ultimate companion for yoga lovers in the winter. Made from bamboo fiber, it’s designed to support your moves and elevate your style with every rep."
STY0014,"Feel the rhythm of your workout with VibeZone, ideal for tennis and built for winter adventures. The breathable mesh fabric hugs your form while letting you breathe, move, and shine."
STY0015,"From sunrise yoga to sunset sprints, DashMode is made for pilates in the all seasons. Crafted from organic cotton, it’s a fusion of function and flair that keeps up with your pace."
STY0016,"DashDrive is your go-to gear for dance in the all seasons. Made from organic cotton, it offers unmatched comfort and style. Whether you're pushing limits or chilling post-workout, this piece keeps you cool and confident."
STY0017,"From sunrise yoga to sunset sprints, DashTrail is made for cycling in the winter. Crafted from moisture-wicking nylon, it’s a fusion of function and flair that keeps up with your pace."
STY0018,"LiftTrail is your go-to gear for cycling in the all seasons. Made from organic cotton, it offers unmatched comfort and style. Whether you're pushing limits or chilling post-workout, this piece keeps you cool and confident."
STY0019,"Step into the winter season with CoreRise, crafted from premium moisture-wicking nylon. Perfect for cycling, it blends performance with a youthful vibe that turns heads at the gym and beyond."
STY0020,"Designed for cycling enthusiasts, CoreBeat is made of bamboo fiber to keep you moving in style through the fall. Its sleek fit and vibrant energy make it a must-have for your active wardrobe."
STY0021,"Feel the rhythm of your workout with VibeBeat, ideal for tennis and built for fall adventures. The moisture-wicking nylon fabric hugs your form while letting you breathe, move, and shine."
STY0022,"From sunrise yoga to sunset sprints, FlexEdge is made for running in the fall. Crafted from bamboo fiber, it’s a fusion of function and flair that keeps up with your pace."
STY0023,"Make a bold move with ZenBeat, engineered for running and perfect for spring. Its breathable mesh design delivers comfort, durability, and a youthful edge that powers your performance."
STY0024,"VibeTrail brings the heat to your tennis sessions with its organic cotton construction, perfect for all seasons wear. It's not just activewear—it's a statement of your sporty, cool lifestyle."
STY0025,"Unleash your inner athlete with PulseBeat, tailored for HIIT and the winter vibe. Its breathable mesh build ensures flexibility and breathability while you conquer your goals."
STY0026,"PulseFlow is the ultimate companion for HIIT lovers in the all seasons. Made from breathable mesh, it’s designed to support your moves and elevate your style with every rep."
STY0027,"VibeFuel is the ultimate companion for tennis lovers in the summer. Made from organic cotton, it’s designed to support your moves and elevate your style with every rep."
STY0028,"VibeRush is your go-to gear for running in the spring. Made from spandex blend, it offers unmatched comfort and style. Whether you're pushing limits or chilling post-workout, this piece keeps you cool and confident."
STY0029,"Unleash your inner athlete with GlowMode, tailored for HIIT and the summer vibe. Its breathable mesh build ensures flexibility and breathability while you conquer your goals."
STY0030,"Feel the rhythm of your workout with WaveDrive, ideal for HIIT and built for fall adventures. The bamboo fiber fabric hugs your form while letting you breathe, move, and shine."
STY0031,"Feel the rhythm of your workout with LiftEdge, ideal for tennis and built for winter adventures. The organic cotton fabric hugs your form while letting you breathe, move, and shine."
STY0032,"FlexRise is your go-to gear for dance in the winter. Made from organic cotton, it offers unmatched comfort and style. Whether you're pushing limits or chilling post-workout, this piece keeps you cool and confident."
STY0033,"Make a bold move with VibeRush, engineered for tennis and perfect for fall. Its organic cotton design delivers comfort, durability, and a youthful edge that powers your performance."
STY0034,"WaveRush is your go-to gear for weightlifting in the fall. Made from spandex blend, it offers unmatched comfort and style. Whether you're pushing limits or chilling post-workout, this piece keeps you cool and confident."
STY0035,"ZenZone is your go-to gear for pilates in the spring. Made from organic cotton, it offers unmatched comfort and style. Whether you're pushing limits or chilling post-workout, this piece keeps you cool and confident."
STY0036,"LiftZone brings the heat to your HIIT sessions with its recycled polyester construction, perfect for summer wear. It's not just activewear—it's a statement of your sporty, cool lifestyle."
STY0037,"Designed for pilates enthusiasts, GlowZone is made of spandex blend to keep you moving in style through the all seasons. Its sleek fit and vibrant energy make it a must-have for your active wardrobe."
STY0038,"Feel the rhythm of your workout with GlowRush, ideal for yoga and built for fall adventures. The organic cotton fabric hugs your form while letting you breathe, move, and shine."
STY0039,"VibeBeat brings the heat to your weightlifting sessions with its bamboo fiber construction, perfect for spring wear. It's not just activewear—it's a statement of your sporty, cool lifestyle."
STY0040,"Unleash your inner athlete with WaveMode, tailored for HIIT and the all seasons vibe. Its organic cotton build ensures flexibility and breathability while you conquer your goals."
STY0041,"Step into the fall season with FlexFlow, crafted from premium organic cotton. Perfect for cycling, it blends performance with a youthful vibe that turns heads at the gym and beyond."
STY0042,"Make a bold move with ZenRush, engineered for running and perfect for all seasons. Its organic cotton design delivers comfort, durability, and a youthful edge that powers your performance."
STY0043,"VibeEdge is the ultimate companion for running lovers in the all seasons. Made from moisture-wicking nylon, it’s designed to support your moves and elevate your style with every rep."
STY0044,"From sunrise yoga to sunset sprints, WaveZone is made for yoga in the winter. Crafted from breathable mesh, it’s a fusion of function and flair that keeps up with your pace."
STY0045,"Whether you're hitting the studio or the streets, LiftMode is your fall essential for tennis. The moisture-wicking nylon fabric adapts to your flow, keeping you fresh and fierce."
STY0046,"Whether you're hitting the studio or the streets, VibeDrive is your winter essential for dance. The recycled polyester fabric adapts to your flow, keeping you fresh and fierce."
STY0047,"Whether you're hitting the studio or the streets, GlowFlow is your fall essential for cycling. The moisture-wicking nylon fabric adapts to your flow, keeping you fresh and fierce."
STY0048,"Designed for cycling enthusiasts, FlexDrive is made of moisture-wicking nylon to keep you moving in style through the spring. Its sleek fit and vibrant energy make it a must-have for your active wardrobe."
STY0049,"Designed for running enthusiasts, LiftDrive is made of bamboo fiber to keep you moving in style through the winter. Its sleek fit and vibrant energy make it a must-have for your active wardrobe."
STY0050,"GlowBeat is the ultimate companion for dance lovers in the winter. Made from breathable mesh, it’s designed to support your moves and elevate your style with every rep."
STY0051,"Step into the summer season with LiftFlow, crafted from premium recycled polyester. Perfect for HIIT, it blends performance with a youthful vibe that turns heads at the gym and beyond."
STY0052,"VibeEdge is your go-to gear for dance in the fall. Made from spandex blend, it offers unmatched comfort and style. Whether you're pushing limits or chilling post-workout, this piece keeps you cool and confident."
STY0053,"Whether you're hitting the studio or the streets, FlexZone is your spring essential for pilates. The recycled polyester fabric adapts to your flow, keeping you fresh and fierce."
STY0054,"Designed for yoga enthusiasts, ZenZone is made of bamboo fiber to keep you moving in style through the winter. Its sleek fit and vibrant energy make it a must-have for your active wardrobe."
STY0055,"Make a bold move with FlexFlow, engineered for cycling and perfect for winter. Its spandex blend design delivers comfort, durability, and a youthful edge that powers your performance."
STY0056,"DashRise brings the heat to your HIIT sessions with its recycled polyester construction, perfect for winter wear. It's not just activewear—it's a statement of your sporty, cool lifestyle."
STY0057,"Whether you're hitting the studio or the streets, CoreBeat is your spring essential for dance. The moisture-wicking nylon fabric adapts to your flow, keeping you fresh and fierce."
STY0058,"From sunrise yoga to sunset sprints, LiftRush is made for weightlifting in the winter. Crafted from bamboo fiber, it’s a fusion of function and flair that keeps up with your pace."
STY0059,"GlowRise is your go-to gear for pilates in the summer. Made from bamboo fiber, it offers unmatched comfort and style. Whether you're pushing limits or chilling post-workout, this piece keeps you cool and confident."
STY0060,"Make a bold move with VibeMode, engineered for tennis and perfect for winter. Its recycled polyester design delivers comfort, durability, and a youthful edge that powers your performance."
STY0061,"Step into the winter season with WaveRise, crafted from premium moisture-wicking nylon. Perfect for weightlifting, it blends performance with a youthful vibe that turns heads at the gym and beyond."
STY0062,"Whether you're hitting the studio or the streets, ZenFlow is your spring essential for yoga. The organic cotton fabric adapts to your flow, keeping you fresh and fierce."
STY0063,"Feel the rhythm of your workout with SparkFlow, ideal for HIIT and built for all seasons adventures. The breathable mesh fabric hugs your form while letting you breathe, move, and shine."
STY0064,"Designed for weightlifting enthusiasts, GlowEdge is made of bamboo fiber to keep you moving in style through the summer. Its sleek fit and vibrant energy make it a must-have for your active wardrobe."
STY0065,"SparkFlow is your go-to gear for cycling in the summer. Made from breathable mesh, it offers unmatched comfort and style. Whether you're pushing limits or chilling post-workout, this piece keeps you cool and confident."
STY0066,"PulseFuel brings the heat to your dance sessions with its organic cotton construction, perfect for summer wear. It's not just activewear—it's a statement of your sporty, cool lifestyle."
STY0067,"PulseEdge is the ultimate companion for tennis lovers in the spring. Made from spandex blend, it’s designed to support your moves and elevate your style with every rep."
STY0068,"Whether you're hitting the studio or the streets, CoreZone is your fall essential for pilates. The bamboo fiber fabric adapts to your flow, keeping you fresh and fierce."
STY0069,"GlowDrive is your go-to gear for running in the summer. Made from organic cotton, it offers unmatched comfort and style. Whether you're pushing limits or chilling post-workout, this piece keeps you cool and confident."
STY0070,"Feel the rhythm of your workout with ZenFlow, ideal for pilates and built for spring adventures. The breathable mesh fabric hugs your form while letting you breathe, move, and shine."
STY0071,"Step into the summer season with DashRise, crafted from premium moisture-wicking nylon. Perfect for weightlifting, it blends performance with a youthful vibe that turns heads at the gym and beyond."
STY0072,"SparkMode is the ultimate companion for dance lovers in the spring. Made from moisture-wicking nylon, it’s designed to support your moves and elevate your style with every rep."
STY0073,"LiftRise is your go-to gear for tennis in the spring. Made from organic cotton, it offers unmatched comfort and style. Whether you're pushing limits or chilling post-workout, this piece keeps you cool and confident."
STY0074,"Make a bold move with LiftZone, engineered for cycling and perfect for winter. Its bamboo fiber design delivers comfort, durability, and a youthful edge that powers your performance."
STY0075,"PulseFlow is the ultimate companion for tennis lovers in the spring. Made from moisture-wicking nylon, it’s designed to support your moves and elevate your style with every rep."
STY0076,"PulseTrail brings the heat to your dance sessions with its organic cotton construction, perfect for fall wear. It's not just activewear—it's a statement of your sporty, cool lifestyle."
STY0077,"Unleash your inner athlete with VibeBeat, tailored for tennis and the all seasons vibe. Its breathable mesh build ensures flexibility and breathability while you conquer your goals."
STY0078,"Make a bold move with DashFuel, engineered for dance and perfect for winter. Its organic cotton design delivers comfort, durability, and a youthful edge that powers your performance."
STY0079,"CoreBeat is your go-to gear for yoga in the fall. Made from recycled polyester, it offers unmatched comfort and style. Whether you're pushing limits or chilling post-workout, this piece keeps you cool and confident."
STY0080,"Unleash your inner athlete with SparkRise, tailored for tennis and the fall vibe. Its breathable mesh build ensures flexibility and breathability while you conquer your goals."
STY0081,"VibeBeat is your go-to gear for cycling in the winter. Made from organic cotton, it offers unmatched comfort and style. Whether you're pushing limits or chilling post-workout, this piece keeps you cool and confident."
STY0082,"LiftDrive is the ultimate companion for cycling lovers in the spring. Made from organic cotton, it’s designed to support your moves and elevate your style with every rep."
STY0083,"From sunrise yoga to sunset sprints, LiftTrail is made for pilates in the summer. Crafted from organic cotton, it’s a fusion of function and flair that keeps up with your pace."
STY0084,"FlexTrail is your go-to gear for cycling in the winter. Made from moisture-wicking nylon, it offers unmatched comfort and style. Whether you're pushing limits or chilling post-workout, this piece keeps you cool and confident."
STY0085,"WaveFlow brings the heat to your dance sessions with its moisture-wicking nylon construction, perfect for all seasons wear. It's not just activewear—it's a statement of your sporty, cool lifestyle."
STY0086,"Step into the summer season with LiftBeat, crafted from premium bamboo fiber. Perfect for yoga, it blends performance with a youthful vibe that turns heads at the gym and beyond."
STY0087,"Unleash your inner athlete with LiftTrail, tailored for HIIT and the summer vibe. Its organic cotton build ensures flexibility and breathability while you conquer your goals."
STY0088,"Whether you're hitting the studio or the streets, LiftZone is your all seasons essential for pilates. The organic cotton fabric adapts to your flow, keeping you fresh and fierce."
STY0089,"From sunrise yoga to sunset sprints, SparkTrail is made for pilates in the spring. Crafted from bamboo fiber, it’s a fusion of function and flair that keeps up with your pace."
STY0090,"Whether you're hitting the studio or the streets, GlowEdge is your all seasons essential for tennis. The recycled polyester fabric adapts to your flow, keeping you fresh and fierce."
STY0091,"From sunrise yoga to sunset sprints, VibeRise is made for dance in the fall. Crafted from moisture-wicking nylon, it’s a fusion of function and flair that keeps up with your pace."
STY0092,"Make a bold move with PulseRise, engineered for dance and perfect for spring. Its organic cotton design delivers comfort, durability, and a youthful edge that powers your performance."
STY0093,"Make a bold move with GlowZone, engineered for HIIT and perfect for fall. Its moisture-wicking nylon design delivers comfort, durability, and a youthful edge that powers your performance."
STY0094,"Step into the summer season with ZenZone, crafted from premium breathable mesh. Perfect for HIIT, it blends performance with a youthful vibe that turns heads at the gym and beyond."
STY0095,"ZenMode is the ultimate companion for yoga lovers in the winter. Made from breathable mesh, it’s designed to support your moves and elevate your style with every rep."
STY0096,"Designed for pilates enthusiasts, ZenTrail is made of bamboo fiber to keep you moving in style through the winter. Its sleek fit and vibrant energy make it a must-have for your active wardrobe."
STY0097,"Designed for cycling enthusiasts, VibeRush is made of bamboo fiber to keep you moving in style through the spring. Its sleek fit and vibrant energy make it a must-have for your active wardrobe."
STY0098,"Unleash your inner athlete with SparkBeat, tailored for dance and the winter vibe. Its moisture-wicking nylon build ensures flexibility and breathability while you conquer your goals."
STY0099,"From sunrise yoga to sunset sprints, SparkFlow is made for weightlifting in the spring. Crafted from bamboo fiber, it’s a fusion of function and flair that keeps up with your pace."
STY0100,"Whether you're hitting the studio or the streets, GlowRush is your spring essential for cycling. The moisture-wicking nylon fabric adapts to your flow, keeping you fresh and fierce."
